Year,Make,Model,Security,BMW Security System Additional Information
1995,BMW,740,Std,EWS II
1995,BMW,745,Std,EWS II
1995,BMW,750,Std,EWS II
1995,BMW,760,Std,EWS II
1996,BMW,740,Std,EWS II
1996,BMW,745,Std,EWS II
1996,BMW,750,Std,EWS II
1996,BMW,760,Std,EWS II
1997,BMW,740,Std,EWS III
1997,BMW,745,Std,EWS III
1997,BMW,750,Std,EWS III
1997,BMW,760,Std,EWS III
1998,BMW,740,Std,EWS III
1998,BMW,745,Std,EWS III
1998,BMW,750,Std,EWS III
1998,BMW,760,Std,EWS III
1999,BMW,740,Std,EWS III
1999,BMW,745,Std,EWS III
1999,BMW,750,Std,EWS III
1999,BMW,760,Std,EWS III
2000,BMW,740,Std,EWS III
2000,BMW,745,Std,EWS III
2000,BMW,750,Std,EWS III
2000,BMW,760,Std,EWS III
2001,BMW,740,Std,EWS III
2001,BMW,745,Std,EWS III
2001,BMW,750,Std,EWS III
2001,BMW,760,Std,EWS III
2002,BMW,740,Std,EWS III
2002,BMW,745,Std,EWS III
2002,BMW,750,Std,EWS III
2002,BMW,760,Std,EWS III
2008,BMW,135i,Std,EWS III
2009,BMW,135i,Std,EWS III
2010,BMW,135i,Std,EWS III
2011,BMW,135i,Std,EWS III
2012,BMW,135i,Std,EWS III
2008,BMW,128i,Std,EWS III
2009,BMW,128i,Std,EWS III
2010,BMW,128i,Std,EWS III
2011,BMW,128i,Std,EWS III
2012,BMW,128i,Std,EWS III
1995,BMW,318,Std,EWS II
1995,BMW,325,Std,EWS II
1995,BMW,525,Std,EWS II
1995,BMW,530,Std,EWS II
1995,BMW,535,Std,EWS II
1995,BMW,540,Std,EWS II
1995,BMW,840,Std,EWS II
1995,BMW,850,Std,EWS II
1995,BMW,M3,Std,EWS II
1996,BMW,318,Std,EWS II
1996,BMW,328,Std,EWS II
1996,BMW,525,Std,EWS II
1996,BMW,840,Std,EWS II
1996,BMW,850,Std,EWS II
1996,BMW,M3,Std,EWS II
1996,BMW,Z3,Std,EWS II
1997,BMW,318,Std,EWS II
1997,BMW,328,Std,EWS II
1997,BMW,528,Std,EWS III
1997,BMW,540,Std,EWS III
1997,BMW,840,Std,EWS III
1997,BMW,850,Std,EWS III
1997,BMW,M3,Std,EWS II
1997,BMW,Z3,Std,EWS II
1998,BMW,318,Std,EWS III
1998,BMW,323,Std,EWS III
1998,BMW,328,Std,EWS III
1998,BMW,528,Std,EWS III
1998,BMW,540,Std,EWS III
1998,BMW,M Coupe/Roadster,Std,EWS III
1998,BMW,M3,Std,EWS III
1998,BMW,Z3,Std,EWS III
1999,BMW,318,Std,EWS III
1999,BMW,323,Std,EWS III
1999,BMW,328,Std,EWS III
1999,BMW,528,Std,EWS III
1999,BMW,540,Std,EWS III
1999,BMW,M Coupe/Roadster,Std,EWS III
1999,BMW,M3,Std,EWS III
1999,BMW,Z3,Std,EWS III
2000,BMW,323,Std,EWS III
2000,BMW,328,Std,EWS III
2000,BMW,528,Std,EWS III
2000,BMW,540,Std,EWS III
2000,BMW,M Coupe/Roadster,Std,EWS III
2000,BMW,M3,Std,EWS III
2000,BMW,M5,Std,EWS III
2000,BMW,X5,Std,EWS III
2000,BMW,Z3,Std,EWS III
2001,BMW,325,Std,EWS III
2001,BMW,328,Std,EWS III
2001,BMW,330,Std,EWS III
2001,BMW,525,Std,EWS III
2001,BMW,530,Std,EWS III
2001,BMW,540,Std,EWS III
2001,BMW,M Coupe/Roadster,Std,EWS III
2001,BMW,M3,Std,EWS III
2001,BMW,M5,Std,EWS III
2001,BMW,X5,Std,EWS III
2001,BMW,Z3,Std,EWS III
2001,BMW,Z8,Std,EWS III
2002,BMW,325,Std,EWS III
2002,BMW,330,Std,EWS III
2002,BMW,525,Std,EWS III
2002,BMW,530,Std,EWS III
2002,BMW,540,Std,EWS III
2002,BMW,M Coupe/Roadster,Std,EWS III
2002,BMW,M3,Std,EWS III
2002,BMW,M5,Std,EWS III
2002,BMW,X5,Std,EWS III
2002,BMW,Z3,Std,EWS III
2002,BMW,Z8,Std,EWS III
2003,BMW,325,Std,EWS III
2003,BMW,330,Std,EWS III
2003,BMW,525,Std,EWS III
2003,BMW,530,Std,EWS III
2003,BMW,540,Std,EWS III
2003,BMW,745,Std,EWS III
2003,BMW,760,Std,EWS III
2003,BMW,M3,Std,EWS III
2003,BMW,M5,Std,EWS III
2003,BMW,X5,Std,EWS III
2003,BMW,Z4,Std,EWS III
2003,BMW,Z8,Std,EWS III
2004,BMW,325,Std,EWS III
2004,BMW,330,Std,EWS III
2004,BMW,525,Std,EWS III
2004,BMW,530,Std,EWS III
2004,BMW,540,Std,EWS III
2004,BMW,745,Std,EWS III
2004,BMW,760,Std,EWS III
2004,BMW,645ci,Std,EWS III
2004,BMW,M3,Std,EWS III
2004,BMW,X3,Std,EWS III
2004,BMW,X5,Std,EWS III
2004,BMW,Z4,Std,EWS III
2005,BMW,325,Std,EWS III
2005,BMW,330,Std,EWS III
2005,BMW,525,Std,EWS III
2005,BMW,530,Std,EWS III
2005,BMW,540,Std,EWS III
2005,BMW,745,Std,EWS III
2005,BMW,760,Std,EWS III
2005,BMW,645ci,Std,EWS III
2005,BMW,M3,Std,EWS III
2005,BMW,X3,Std,EWS III
2005,BMW,X5,Std,EWS III
2005,BMW,Z4,Std,EWS III
2006,BMW,325,Std,EWS III
2006,BMW,330,Std,EWS III
2006,BMW,525,Std,EWS III
2006,BMW,530,Std,EWS III
2006,BMW,545,Std,EWS III
2006,BMW,750,Std,EWS III
2006,BMW,760,Std,EWS III
2006,BMW,645ci,Std,EWS III
2006,BMW,M3,Std,EWS III
2006,BMW,X3,Std,EWS III
2006,BMW,X5,Std,EWS III
2006,BMW,Z4,Std,EWS III
2007,BMW,328,Std,EWS III
2007,BMW,335,Std,EWS III
2007,BMW,525,Std,EWS III
2007,BMW,530,Std,EWS III
2007,BMW,545,Std,EWS III
2007,BMW,550,Std,EWS III
2007,BMW,650,Std,EWS III
2007,BMW,750,Std,EWS III
2007,BMW,760,Std,EWS III
2007,BMW,M3,Std,EWS III
2007,BMW,M5,Std,EWS III
2007,BMW,M6,Std,EWS III
2007,BMW,X3,Std,EWS III
2007,BMW,X5,Std,EWS III
2007,BMW,Z4,Std,EWS III
2007,BMW,Z4M coupe & M Roadster,Std,EWS III
2008,BMW,328,Std,EWS III
2008,BMW,335,Std,EWS III
2008,BMW,528,Std,EWS III
2008,BMW,535,Std,EWS III
2008,BMW,550,Std,EWS III
2008,BMW,650,Std,EWS III
2008,BMW,750,Std,EWS III
2008,BMW,760,Std,EWS III
2008,BMW,3 Series Cabriolet retractable hardtop,Std,EWS III
2008,BMW,M3,Std,EWS III
2008,BMW,M5,Std,EWS III
2008,BMW,M6,Std,EWS III
2008,BMW,X3,Std,EWS III
2008,BMW,X5,Std,EWS III
2008,BMW,X6,Std,EWS III
2008,BMW,Z4,Std,EWS III
2008,BMW,Z4M coupe & M Roadster,Std,EWS III
2009,BMW,328,Std,EWS III
2009,BMW,335,Std,EWS III
2009,BMW,528,Std,EWS III
2009,BMW,535,Std,EWS III
2009,BMW,550,Std,EWS III
2009,BMW,650,Std,EWS III
2009,BMW,750,Std,EWS III
2009,BMW,760,Std,EWS III
2009,BMW,3 Series Cabriolet retractable hardtop,Std,EWS III
2009,BMW,M3,Std,EWS III
2009,BMW,M5,Std,EWS III
2009,BMW,M6,Std,EWS III
2009,BMW,X3,Std,EWS III
2009,BMW,X5,Std,EWS III
2009,BMW,X6,Std,EWS III
2009,BMW,Z4,Std,EWS III
2009,BMW,Z4M coupe & M Roadster,Std,EWS III
2010,BMW,328,Std,EWS III
2010,BMW,335,Std,EWS III
2010,BMW,528,Std,EWS III
2010,BMW,535,Std,EWS III
2010,BMW,550,Std,EWS III
2010,BMW,650,Std,EWS III
2010,BMW,750,Std,EWS III
2010,BMW,760,Std,EWS III
2010,BMW,3 Series Cabriolet retractable hardtop,Std,EWS III
2010,BMW,M3,Std,EWS III
2010,BMW,M5,Std,EWS III
2010,BMW,M6,Std,EWS III
2010,BMW,X3,Std,EWS III
2010,BMW,X5,Std,EWS III
2010,BMW,X6,Std,EWS III
2010,BMW,Z4,Std,EWS III
2010,BMW,Z4M coupe & M Roadster,Std,EWS III
2011,BMW,328,Std,EWS III
2011,BMW,335,Std,EWS III
2011,BMW,528,Std,EWS III
2011,BMW,535,Std,EWS III
2011,BMW,550,Std,EWS III
2011,BMW,650,Std,EWS III
2011,BMW,750,Std,EWS III
2011,BMW,760,Std,EWS III
2011,BMW,3 Series Cabriolet retractable hardtop,Std,EWS III
2011,BMW,M3,Std,EWS III
2011,BMW,M6,Std,EWS III
2011,BMW,X3,Std,EWS III
2011,BMW,X5,Std,EWS III
2011,BMW,X6,Std,EWS III
2011,BMW,Z4,Std,EWS III
2011,BMW,Z4M coupe & M Roadster,Std,EWS III
2012,BMW,128,Std,EWS III
2012,BMW,135,Std,EWS III
2012,BMW,328,Std,EWS III
2012,BMW,335,Std,EWS III
2012,BMW,528,Std,EWS III
2012,BMW,535,Std,EWS III
2012,BMW,550,Std,EWS III
2012,BMW,640,Std,EWS III
2012,BMW,650,Std,EWS III
2012,BMW,740,Std,EWS III
2012,BMW,750,Std,EWS III
2012,BMW,760,Std,EWS III
2012,BMW,Alpina B7,Std,EWS III
2012,BMW,M3,Std,EWS III
2012,BMW,M5,Std,EWS III
2012,BMW,X1,Std,EWS III
2012,BMW,X3,Std,EWS III
2012,BMW,X5,Std,EWS III
2012,BMW,X6,Std,EWS III
2012,BMW,Z4,Std,EWS III
2012,BMW,Z4M coupe & M Roadster,Std,EWS III
2013,BMW,128,Std,Information not avaiable
2013,BMW,135,Std,Information not avaiable
2013,BMW,328,Std,Information not avaiable
2013,BMW,335,Std,Information not avaiable
2013,BMW,528,Std,Information not avaiable
2013,BMW,535,Std,Information not avaiable
2013,BMW,550,Std,Information not avaiable
2013,BMW,640,Std,Information not avaiable
2013,BMW,650,Std,Information not avaiable
2013,BMW,740,Std,Information not avaiable
2013,BMW,750,Std,Information not avaiable
2013,BMW,760,Std,Information not avaiable
2013,BMW,Alpina B7,Std,Information not avaiable
2013,BMW,M3,Std,Information not avaiable
2013,BMW,M5,Std,Information not avaiable
2013,BMW,M6,Std,Information not avaiable
2013,BMW,X1,Std,Information not avaiable
2013,BMW,X3,Std,Information not avaiable
2013,BMW,X5,Std,Information not avaiable
2013,BMW,X6,Std,Information not avaiable
2013,BMW,Z4,Std,Information not avaiable
